PC1,PC2,PC3,PC4,PC5,PC6,PC7,PC8,PC9,PC10,PC11,PC12,PC13,PC14,PC15,PC16,PC17,PC18,PC19,PC20,PC21,PC22,PC23,PC24,PC25,PC26,PC27,PC28,PC29,PC30,Label
-3.0446515114775474,1.369719283715384,-3.3860280635317968,-1.213108800178866,1.1473630567048898,-4.136570501025409,5.203050415808096,-1.9519317495190718,-0.6199907704257539,0.9815868691896936,-1.6952471542868948,4.954355088686494,-2.8752180017063376,1.060322647903313,0.8810576943408113,-0.6903241828260164,-0.2632110827542931,-1.7006485239703888,2.3106376711523624,-1.7845738531829314,-2.3097943949770023,1.4472580213956419,-0.8040485059436456,0.7700017884569292,-1.2801577112371074,-1.4713420298210305,1.0196069397147431,-1.2796158865505183,-0.9446494771929875,-0.3718696116945996,Ripe
-3.9242819924805885,2.5015235087705734,-4.4914652076676065,-2.0503827689862577,1.1189370875850775,3.0621847061684955,1.4105120719824558,-1.822296735626012,0.20449728650456167,0.21725309235901927,-0.6572995384118575,-1.9477549904658336,-0.7503848720767411,0.007642273128165357,-1.4522409289103897,-1.58837610924893,-0.035074627365224646,0.2971617957749171,1.2132679266280355,-0.29569335978327166,0.5316669877156057,0.8870905733166743,-0.5137735226561135,-0.5380832466037188,1.0033207186784516,-0.1959320126570901,-0.9712712200157252,0.2891677555273975,-1.02273868884428,0.1358933471721645,Ripe
-3.5039406225822165,1.6395626778178356,-5.373924874459886,-1.9237789252571664,1.5691175920087883,1.4585623596763724,1.7217896229802283,-0.819767426793317,-0.009237825090139795,0.05952773518983,-1.2169893159356306,-0.926712911389642,-0.4842048615296283,1.1190461216156662,-0.33445647180243854,-1.357778273939064,0.5276992578935364,0.2694168222892914,0.7506865234853629,-0.7388936206992548,0.09636476893675854,-1.3734782881158227,-0.5255086524124958,0.23524218397963628,1.2705773145479173,0.3316898113045195,0.18902059768347876,-0.26779444687530646,-0.6680530452867821,0.15419558362026034,Ripe
-3.22050986231099,1.6235869972198906,-1.5141535614736883,-1.3594179101408692,1.4632949461374702,-2.598261704447525,0.9076429508895678,-0.22569419836435098,0.27623712384592575,-1.2373194364749867,-1.4537545759608856,-0.38857342093462516,-0.9237005496586354,0.03829153459782621,-0.01873074016381422,-0.8120319911979744,-1.0006662346494744,-0.8845508983895938,0.8853166111142569,0.6038371828566295,0.9842654193591545,-1.5839512879795787,-0.5245887232249115,1.2565681248856984,-0.2759054363678843,0.41335860600205476,-0.003165082898816192,0.4189977930056184,0.49753394306479093,-0.6850438109891102,Ripe
-4.9377906018587066,0.49581767774623303,-8.64493329228365,-0.3968462043495669,-1.5760675949328786,0.9507448234386964,1.9310374704589803,3.9675537657369966,-0.6448305868976975,1.8139070276454248,-0.6095726994942523,-1.4600745389573229,0.5543063114658272,2.4191532593929333e-05,1.332561464176949,0.5792007793122884,-1.7223629780402423,-0.8437340561637336,0.6125238548915831,0.2176548081127865,-0.10577023030806312,0.09001675781539978,0.09054965742288763,1.2503581217965478,0.5060453289512138,-0.02726212912132305,0.6467820067480639,-0.9021262682826374,-0.1320682281489864,0.6958390748579709,Ripe
-4.235195756001586,0.2822100094599689,-4.88350695240549,-1.0446807489452437,2.2635522329513944,1.572123730608368,2.4453697909894183,0.4335889877246325,-3.429297825234803,-1.362957054116271,-1.702089372167439,-1.2616279790692748,0.3210144567527492,0.9972567512321273,1.84128149178794,-0.9814101119587121,-1.7886039711048636,0.41355189688498234,0.29571497173234024,-0.48051082053359956,0.04842363206154952,-1.261293482087817,-0.7345314267142959,0.18841663266859507,-0.5537831321271283,-0.041510064474701854,0.06039531880360104,0.41892760036216353,-0.11680501604617449,1.070150668451341,Ripe
-2.768510553592412,2.618553363883035,-0.7514316093460106,1.2968397603838313,1.6744842800479778,-2.4445514647668625,0.6779606255604432,-0.21674313462054462,2.2629078269259715,-0.09176599502189055,-1.9057926064269575,-0.7180975260367412,-0.4767049597090716,1.3337338409566322,2.264404429609166,0.5852133353349114,1.5711158807260985,0.2387925736443613,0.44457773754078295,0.2389623786332505,-0.1728315873519966,-0.3319035229361553,0.823430149944439,0.04555266114810187,-0.34876547872597613,0.7254579339383429,0.4605451336019929,-0.45710576615961357,-0.14477341748266528,-1.0627528830206576,Ripe
-4.7874201387003446,0.8271558102797136,1.794243346146352,1.9524591621302536,0.2813178504575693,0.5446413176829866,-3.1321216704838033,-2.7744745572876415,-1.1999859079236388,-0.8738392540652532,-4.245541300332735,-3.618737212704165,0.5316159418370969,-3.604468506178193,1.9630649103371591,-0.32519499564472476,-2.7560063874104066,-2.3249865495595268,2.2612953345251383,-0.5455694708370242,-0.10596184627628959,1.6371149647996066,-0.13270859771904867,-0.6115683058422619,-2.2729542198472634,0.6058417680675132,0.24961752810020074,0.21932719118214725,0.44986982129622805,-0.7120117601161569,Ripe
-3.7727401966908967,2.538928195856748,-0.19564052761025938,0.250273946495556,1.2119121299672002,-3.4426730637849294,0.8737345390462142,0.4322281751487315,-0.6853860183465638,1.0071725740197126,-0.9506117975516553,-2.942925334879681,-0.46244277457486205,0.8246000037648673,-0.21340351396810506,1.6272822198267867,1.3294053783234483,0.35549088160626474,-0.5091897754232952,-0.5579545813496659,1.4154070469796072,-0.597262688926007,0.7090373039150857,-0.728378480581222,-0.08128493154408228,-0.21941730527376,0.1951191734664291,0.3308553261333363,0.5890101583341196,-0.14401571523517215,Ripe
-3.7727401966908967,2.5389281958567484,-0.1956405276102602,0.2502739464955522,1.2119121299672015,-3.442673063784932,0.873734539046217,0.4322281751487361,-0.6853860183465637,1.0071725740197113,-0.9506117975516568,-2.9429253348796793,-0.46244277457486427,0.8246000037648669,-0.2134035139681088,1.6272822198267909,1.3294053783234485,0.3554908816062657,-0.5091897754232936,-0.5579545813496656,1.4154070469796076,-0.5972626889260081,0.7090373039150885,-0.7283784805812198,-0.08128493154408262,-0.21941730527376185,0.19511917346642937,0.3308553261333353,0.5890101583341196,-0.14401571523517218,Ripe
-5.850561804646796,3.126761396278422,0.536329782306358,-4.052916009393303,0.1447755599624419,-3.180857518555828,1.1800726980247227,3.642706903772229,1.956426775832206,4.208443560666637,-1.3756272707249944,-0.2827872391971501,-1.8271625671796596,-2.710548905797727,-0.2832924375385909,-0.09057797424615256,0.6578908623027304,0.7842428815677447,-2.186585399547356,-0.6921629964788715,0.7554862695903326,-0.27362853895705147,-0.22325034376954328,-0.17755764361113635,0.5780844053687793,-0.19401451471453254,0.3757587860315235,1.5961826746299326,0.2979086027958678,-0.5969873391826781,Ripe
-4.3497404322092414,2.307122246047041,-0.027521541227318123,-2.279424691002147,-0.3379992990275117,-1.8086458046890572,0.5279685827354155,0.7540170528175811,0.890352887391286,0.5113069743020656,0.8199932612585721,0.5512320680328109,1.3422826102542005,-0.17539976067600285,-0.08762524422648627,-0.4985878851271039,0.8544204962438591,-1.6209773031896608,-0.8621289764657905,-1.0420511171670002,0.9611200764768815,-0.9415670951850449,-1.2288776315667547,-0.5699143678958504,-0.6767596806319977,-0.021116376898021604,0.949926243052744,0.20974740720253707,-0.333673235392801,-0.421029694930156,Ripe
-4.493943530873546,3.4665656700091354,1.4242485643713891,-3.493753180679271,0.988332033041176,-1.6064448289841888,-0.36561129164817685,1.1083215054060087,1.5171814918072517,1.60504196852758,-0.7869245239987502,-0.16926077304363388,0.4649741041516064,-2.3565974962466782,-0.37004575566096926,-0.5028437590672951,-0.28738555345816225,0.49952974230537794,-0.38248922542331387,0.8539317171974814,0.12365132617727335,0.28624049244672384,-1.6335074382884938,0.12764116542100185,-0.5220907014315528,-0.38096309638404513,-0.12988722115324258,0.8778539869746074,0.8184674012890015,0.2944644721408335,Ripe
-3.0241801225024436,3.17994043970395,-1.0671779599435374,-1.6351266956537491,-0.46408202682077104,-1.3250335396545316,-0.35564611061948354,-1.2920492346466914,0.10906387333617085,-1.462457128760615,0.09751734114362513,0.7981522283185586,-0.9552351238543343,-0.17141144766542044,0.3417412949845579,-0.7606709343387209,-0.7259557195899884,-0.16873285676915212,0.05345744115304459,1.1941996975794618,-0.5418893027320528,-1.2458642061554164,-0.034734181100757405,0.06372248101895078,0.48411889217378745,-1.2816344795720265,-0.015058190402007938,-0.6668123909112426,0.20797322635637244,-0.02036439556770837,Ripe
-3.051897789070879,1.884531933948887,-0.8972493449763811,-2.869081086631933,1.0217266498881836,4.014564312925366,0.1773059621123757,2.088881253471407,0.1501419676096476,0.3699402916271517,2.224718183944383,-0.14769227768893156,-1.8137523042330135,-0.6042857720430254,0.43724304259256325,-0.7464489947140813,0.056893970674487454,-0.889031748296752,-0.8552611158227154,0.6092063421696184,-0.5067795266436719,-1.1207995124284924,-0.2141147126964457,-0.4829304145110712,0.7423813147605282,-0.921906104397785,1.5078274623588102,-0.0819359547871822,0.3838690916685363,-0.419359018329156,Ripe
-3.554376749751674,3.453417576941574,1.2920866871952859,-0.5646203113319876,-1.3209423033987258,-1.4798989831938714,-0.9210854588720686,-0.17006343137253305,-1.2652299023687956,-1.5567210995071383,0.45949066676253253,-1.54230872654987,0.5033357040812728,0.3887610725971768,1.1265488598100717,-0.57852642635413,0.5449691466094164,-1.4175897968862992,0.6458585410527107,1.9086476845100266,-0.0010691755819232135,-0.04755795472097212,0.6267508797551622,-0.015729064352888376,-0.09645859259166831,-1.245769892955247,0.5341530300469597,-0.3029535509413525,1.383687820843742,0.3728097393779578,Ripe
-0.346944733246109,2.5274393782904068,-2.192390741705907,-5.1706783482089085,1.2792778607675925,3.942813050082264,-1.536308511726731,0.30202540587913007,0.17901447676829058,0.29639185991532646,1.486380517900382,-0.11700726953305676,-1.4952150558792263,0.22765481433309356,-0.8212504980120646,0.26887677457050063,-0.4272073374685106,-0.3562057585301282,0.7087031849342942,1.7291280652245855,0.3456882135692898,1.083987295525339,-0.6421988777675629,-0.7618683697985126,0.042499041431297964,0.2727025304068569,0.57702330230802,0.11068269807113999,-0.42569347500704313,0.43922558231784625,Ripe
-3.6991236118282846,2.661889622380934,0.2189071984656474,-0.3776626502397703,-1.0914876955837278,-0.8030127476582002,0.41909341343216777,-0.7213487545345388,-1.4165421838962375,-1.7940459380167766,1.423138443537541,-1.2747062556055868,-1.0671021474507196,2.9410175975838624,-0.9349932868047046,0.15476287637515718,1.704394968606281,-0.3781085322666571,1.9018041757991777,1.0780023619594035,-1.069886797536652,1.1750858191413687,1.0533044218376786,0.7409469159585789,0.28898301586288266,0.7314910059064972,-0.6629727900275054,-0.6698300633963976,1.5947007897594623,-0.23262568832420508,Ripe
2.114386174191368,0.43275127554674364,-0.912794134290268,-1.1987932232788,0.17741882864062317,-0.8921440032329012,2.301333619619183,-1.857686237129836,-0.8453673186786081,-1.3855206009180867,-2.5112570924354864,-0.0386652285883408,-0.3272526590827337,-0.6713571125981587,-0.6609340283263384,-0.8789773184357303,0.3835747674890419,-0.02646905379263067,-0.40367539397971985,-0.023654623839656313,0.6962833749677084,1.8675940444608419,1.9921423349581893,0.1779989887257891,0.5408902843896539,-1.0223203959384635,0.042941001683945636,-0.5387529405781241,-0.22147439358543905,0.12059044857392592,Ripe
-2.0474737587118534,-1.0264332217536067,-2.922122081069568,0.32331401957621236,-5.227002016849876,-2.138343372502165,1.0611768084529478,-0.24190741198702906,-0.3379093389257534,-1.7373518620494877,1.062635061880663,1.511197988890971,1.3868754623496844,0.38488339066933736,0.10783910519489501,0.7684208501900661,0.06964269432301398,1.203576779966744,0.760051927709115,-0.04716698688275953,-0.9133052828331374,-0.4930421247162534,-0.1771314450994938,1.556623891011889,-0.7048611831849997,0.20462304097458783,1.8085675367779657,0.7949493702675801,1.2289591768275796,0.909379035279021,Ripe
1.8063640443353923,-2.7865952605956115,-2.5877042501235668,-2.140309625458045,0.6182526007717248,2.5564019244538922,1.9399051650075996,-0.26684680793322424,-0.8392277695019745,-2.4279701035934993,-1.1469317598118434,-1.5174271759112266,0.3384494094251735,0.9496316573843155,-1.1975040142079223,-0.693202282470084,1.1975441532925477,1.6210256126946798,0.673975203512226,-0.1667213779944937,0.7663193556286606,1.2750975347684217,-0.3289592720807281,0.18428470809138306,-0.7157175722137632,0.8039578457262997,-0.21143467138546884,0.33671066546022205,-0.7988966054652705,-0.3899428374473746,Ripe
0.26368895908571816,-0.21893147719849482,-1.737711872727754,0.21926615319967027,-2.3242734986723033,-1.1912689171377635,1.0759931932110471,-0.9115359602467513,2.424972691120579,-1.1094887649263645,-1.5936277365675169,0.21152304594058693,-1.4813863630624138,0.22321329010665494,-1.4505718921503026,-1.0523463097346928,1.3666164348971896,1.870549779585258,1.5768838229200666,-0.9395645862619533,-0.46040506635949463,1.01765551003584,0.5883784180654662,-0.34475878956892725,0.004817472380092563,1.4659231052592765,0.6705736705963529,0.726818549379181,1.05965077234229,0.4566605159619939,Ripe
-3.467635584906934,4.447232379101006,-5.080158913497681,-3.0386836296183155,-5.44584977786356,-2.9486051245761304,-6.913700081196235,-2.2027600138320387,2.0069708404156144,-1.8036514374483508,-1.0786221332369346,-0.7614414388341637,5.164861994368537,1.1294126468099426,0.28443298969236414,0.33518072719957914,0.039104293238734385,-0.22380470914283035,-0.07937230609500401,-0.04896955291085178,1.6485671707186649,-0.2596451699525069,1.2200793675506532,-0.5229554238241504,2.4148195705048994,0.06590768263853511,-0.31906959776049604,-0.05960111113221015,-0.7784965062841834,-0.2413491518339132,Ripe
0.6038666199185659,-3.6932778046843606,-2.9849096035229667,0.037077721746229315,0.12826562443633965,3.5927126482426184,1.0503807015574211,-0.734378292669682,-1.6690968458862396,-1.757384028641914,-0.9377385356739479,-0.7332826637063545,-0.45708641621866314,0.8580492150669489,0.01720369893127457,-2.7265576646285488,1.703247072705431,0.2794007627296234,-0.2098255836452889,-0.758214152469694,0.20078393340344228,0.06984746953682756,0.35916861523274873,-0.14497395542626232,0.5018044601261303,0.31548654743163085,1.346350850213503,-0.5657645252585961,0.6932436349042671,-0.6984536468325143,Ripe
3.1544330565006136,-2.3180472021105833,1.9375837669374263,0.27208426157867543,-0.7040917835218903,-1.4455075805733284,1.844961693695907,-1.0974093281406154,0.7589132294929696,-1.173978010999537,-0.8223639717423012,-1.7714237412264495,0.7594916084819248,-0.44607690350691104,0.5193222162493903,0.36957155014645515,-0.6130521993197652,-0.8027923546601188,0.15958150797555629,-0.7088516132926763,0.3650922369750741,1.675699187697092,0.6227343680806756,0.42675447964191343,-0.30990125230498045,0.4932859322581559,0.3742454859303313,0.023038686927852582,-0.4873724840404309,-0.7961321059775638,Ripe
2.685038112014927,-2.4410509710795116,-2.510801905446635,-0.9838340668263387,2.170907683534244,5.394151132516555,2.8886022157824005,-2.241122437685305,0.22672177400278,1.236605383805344,0.6837595357067393,-1.5943762393810506,-0.006225667777505326,-1.3356815698262154,0.9197493542116767,-0.22617458293129156,0.037899564703500525,-0.02073807989882248,-1.032788267387118,1.3614021154685534,0.48351143907551225,0.43303732168832065,0.34256131068452367,-0.1726117286049774,0.06829894259598536,0.3886285923402778,-0.04009404543779764,0.5788021167985838,0.268494541618633,0.36360081790807447,Ripe
0.44321833852532055,-5.374634408782232,2.1995594898122754,0.9291549179258699,-0.6587343241050364,-1.311538381376857,1.7110839936139444,-2.4011417849715624,-0.6886023996538041,0.5424619712469189,-1.5271126714260121,-1.533822609929154,1.2350736518137297,-0.7189471553810094,-0.5210353175759841,0.4112211163764616,1.0432088479070876,-0.47208879364101164,-0.6190168129553544,0.14460404805441227,0.6427703046524487,0.9048565928059581,-0.39508792886398386,0.6606794614310835,0.4329140754628799,0.27353915842208054,0.38912933064072736,-0.05875445809861133,0.45271274994040284,0.2526802259222775,Ripe
4.245560924105649,-4.010434600054308,2.93634759100901,0.2815291294317846,-1.191762091576297,-0.9865077644180416,1.0819291283671117,-1.731470951842252,1.038309578958393,-0.06409265239517305,-0.9257113490701752,-1.2308235554810711,-1.2612118209209962,1.0431064125872802,-1.9491987715050876,0.3470477305907666,-0.8880612007469468,0.09891573868495088,-0.29173954860707835,-0.35754404312868304,0.870076571535911,-0.5296326881417677,-0.12526741087104545,-0.7506358470718135,-0.6867847533908162,-0.17452658612301292,0.20111298225537486,-0.13887224829539385,-1.0175803952475775,0.019482808403896327,Ripe
4.245560924105649,-4.010434600054308,2.93634759100901,0.28152912943178465,-1.191762091576297,-0.9865077644180416,1.0819291283671117,-1.7314709518422524,1.038309578958393,-0.06409265239517305,-0.925711349070175,-1.2308235554810714,-1.2612118209209962,1.0431064125872804,-1.9491987715050876,0.3470477305907666,-0.8880612007469428,0.09891573868495317,-0.2917395486070784,-0.3575440431286824,0.8700765715359123,-0.5296326881417677,-0.12526741087104518,-0.7506358470718151,-0.6867847533908165,-0.17452658612301292,0.20111298225537513,-0.13887224829539385,-1.017580395247577,0.01948280840389543,Ripe
4.25542507042028,-3.7446775874504943,0.7103179210219467,-2.3917869872314994,1.2811070679170855,-1.4232762981502511,-0.9512780020907223,-3.7879250076643776,1.2366562035318944,0.05213293787099917,0.054316430632902195,-0.07761715816035208,0.6864543143780241,0.3070880671234596,0.12194426372985517,-0.18407685758467446,-0.6748394113009409,0.4313310282562019,-2.6005851767155903,-0.21829019604339012,-0.8111142731277122,0.9404259058406582,-0.42868120070354276,0.3478889686515095,-0.0877976633348589,-0.3001234870738648,-0.21706069097410238,-0.5038241919534392,0.503984889536957,0.3094029372504508,Ripe
4.344661978128101,-6.38941577006746,0.7938784311754022,0.8459708451732186,2.332623240164947,-1.8326680152775576,-1.865906216490798,-0.8622023541305873,-0.5186896289310814,-0.2356209983782749,0.5509485087630919,-1.3125654924745866,0.028278591883799425,0.6955020559899124,2.327676656026769,-0.21889666117289866,-0.3328481508288349,0.900843639732602,-1.4863757718726636,0.5868481667936167,-0.005263908516781917,1.0197950826672928,0.5334745697653165,-0.09872752351214469,0.46765560242366055,0.2902055178907878,-0.6339456187863102,-0.9730869438442197,-0.005689485234172426,0.3655338651137407,Ripe
2.5537207096105963,-4.963351788565109,0.3915398797673721,-2.3928870059835323,0.16069324554447362,-2.26740099439673,-2.347727505730148,-0.6490120071817294,0.7520313309833816,1.4567517173174902,-1.6564107115087972,-0.23912053811553344,-1.4248447581045307,1.0817233792465595,-0.4313936922294796,1.3564486485831229,0.4446104260571325,0.654817683571519,-0.6060597314791224,0.6195982901604556,-0.9176673478895885,0.6367743027024624,-0.3576620138437046,0.9739891876584444,-0.025395302769773392,0.39849132375043916,0.6552929498803514,0.22343363752026357,0.4546610297563422,1.490744572764665,Ripe
6.1212808862388455,-4.182744609016163,0.8860256265077211,-1.282834511059835,2.409284347117792,-0.4506957165269068,0.43279041841518084,-0.9144482461397694,5.343528225100827,-1.5502766376967303,0.9054697116796322,-0.9162781825248871,-2.7995715068617777,0.6613739676634425,-0.6957417816500769,-0.9796183175513664,-2.2901471722483002,1.1790700236112768,-0.6906506287051686,0.5842882883152016,1.0965875981859026,-0.23295351009160448,0.6335755970479495,0.7651453470818559,-0.20856649782825581,-0.2423269429795465,1.0949729186098707,-0.9409051012963169,0.9444879424324466,-0.5966533895373349,Ripe
-0.49559590875188275,3.536360316556376,-5.110696723813893,0.16744679693200526,-2.847172034513087,-2.7409276035016203,-4.142663585267291,-0.8084307987388434,4.516015029813735,-1.6740021945109438,0.9159807233398373,-0.36100096946679805,1.7485524023934509,-1.3848796847265363,0.6622868937081193,-0.7713466965741709,0.025915955528405525,0.7850613151002085,-0.40414619667450263,0.4140973812511752,2.4816986825396317,-0.4863634236103328,0.36515527189905045,-1.0995530065457892,-1.0000198325814682,0.3205640035504862,0.5515358417173802,-1.81138937757921,-0.20783965203501595,-0.22685030187940772,Ripe
3.3822666453432193,-3.2340666953013137,1.2594131200407055,-1.4634790964188302,1.7900550095787306,-1.3013046005907232,-0.8737467435343663,-1.0644915646547652,0.6529470905379282,0.5643502357937104,-0.07888666203669127,0.4990028973846198,0.638737242676166,0.7535156977617191,0.7875988977707843,0.32641126315098595,-0.3728739148041413,-0.491563864263856,-1.3689528216754705,-1.1862944844815673,0.6552183818144528,0.33894582597665784,-1.770571956607742,0.8664480695263685,0.5828223815791367,-0.04447775510228372,-0.4353350780785013,0.017911827547798763,0.9880558690432725,-0.43968706096759513,Ripe
3.3462662591358865,-4.338584333900321,1.4263033843837918,-1.1358363398200095,-0.031964892708438254,-2.0843340897008353,-1.0234279428558615,1.0873443892457593,-2.0814521139363813,1.9581438475858952,1.6745219205031787,-1.9496145846266741,0.25990638833745183,1.1531290575591981,0.4019689740917752,0.6763783329852239,0.5802240034715358,-0.33298095680141776,1.5969282898278991,-0.3644953101656586,0.1306555326505437,0.5592172738651054,-1.1477935169282285,-0.29793609307368013,0.8171253375188025,-0.2571618404204468,-0.01939957548380191,-0.07540956688234393,0.24685504983613651,-0.015411857286289861,Ripe
3.6155959543197684,-4.178977113031508,1.3378369220803978,-0.8688687726553507,-0.6881891562914402,-2.251664773031703,-2.4267580244962224,2.1094747065264636,-0.45180911627307657,-0.48197149959845487,0.689958308927074,-1.2619853185499426,2.4649035909274697,0.4202499352224535,1.9398031327746292,-0.1771649124765289,-0.6368207999296647,0.3311908608352389,1.5601739066261848,-1.35364246286324,-1.2619942797499815,0.26357908827337884,-2.1717481933501244,-1.430772916744469,0.4340462937650291,0.3981404794886854,-0.3566515191613245,-0.5491340671834193,0.4912846220984673,-0.8637034688575024,Ripe
2.637788713538166,-3.1039378001662183,1.4855124466176908,0.9082581345512588,1.9952202413465043,-1.263505579031833,-0.173691911307017,2.1141407556962877,2.755844689894851,2.9697850858640913,-0.521095410114501,-1.0109282750981918,-0.06785452232606135,0.7575520363066274,1.4709568721732156,0.8366561420618633,1.0922961207872408,-0.3635233350332112,0.8814166475001255,0.45028558310058153,1.1788313130111059,0.8254386456509217,0.6170466696212372,-0.6833520288194779,-0.20194131960431863,-0.5962138288714623,-0.5209410642876399,-0.8850282889798838,1.008390536006945,-0.3811084603342633,Ripe
4.477898158991633,-4.239050270766366,1.5484581887510043,0.7735566846039921,-0.550881977412081,-2.8294307523691833,-1.8796242995794312,2.480537298740945,-0.2970185144216851,0.3180934328290398,2.6094640724927345,-0.9550715442110145,-0.45219764612632635,0.8273676032438075,0.32197872703486724,-0.6130894648482162,-1.5268941185378393,-0.04411700207949349,1.1819517051309076,0.6765219532524152,0.5846241041037104,0.09459896658112364,-0.3058679362600835,-0.7642198900270615,-0.14373991079506873,-0.19515262700127192,0.9596820793372357,0.4235921625160991,-0.48958265124847783,0.6335258113428329,Ripe
-1.7710416513455376,-5.374943514940163,3.072923110543305,-0.4957561894647404,1.1962902572542162,-1.348750988232281,0.06815686201414432,-4.810071332996758,-0.6372702911220509,2.199223641940767,-0.5156877348267785,-0.8575465078212282,2.927153949380959,-1.8270619853415602,-0.17144929629388206,-0.517161662172137,0.12636730002426821,-0.9867198123287505,-0.7296533665087119,0.8146382449876363,-1.164649954221296,0.08880811767518895,-0.7010982329821492,0.34015141657112924,1.5382213658239132,-0.09267463448396396,0.4064138981336885,-0.10326047805287915,-0.42419214763948887,0.5254212150736266,Ripe
-5.847535307439936,-4.762699938935721,1.5052641843728307,3.952176111898423,-3.0236415683266418,1.5307047494197248,-0.8102344331790523,1.2065264641783409,1.5423182402382984,-2.9080645354718637,2.732191048129586,1.4783215053490892,-0.2724162454988526,-2.8687741971792255,-0.4746438391096374,-1.2539614391529277,1.7200603062691098,-1.7799631933813078,-0.2966255018122259,-0.33460818001926634,1.6613444443259315,0.6889468830654315,-0.6324793689671444,0.3952655461620116,0.316482893923694,0.11849834095295364,-0.9512388417995793,-0.018515124142992615,-0.3779423790121313,1.3466919926162868,Ripe
-6.6014210847024275,-5.338490316440568,3.6473142782624945,4.916064161031015,-3.394557081009871,2.3214374804562516,-0.19529860685184067,-4.997376040374698,-2.7042369122865155,-0.20489363590128437,-0.47148457073135425,3.134068639218696,-1.7132814653553232,-0.051572670481719055,2.277047977788859,2.1515579616885527,-0.6665956097969956,0.3376056435328185,0.25184651135207203,-0.9794766922230617,2.2302058992403797,0.5059325825705512,-0.4679540516712362,-1.4618957804503188,0.11557497694044001,-0.9860075670391479,-0.635126418717134,0.7624425337691793,-0.2898317177803253,0.09481783799100606,Ripe
-3.922079774886979,-8.977559596292043,-4.919674364343624,0.0692620102373819,-1.9806300696397463,1.7747274144868597,-6.138807485339019,0.5571086978326593,-0.4585214066488541,1.341491206198621,-2.8121687347620536,1.4379788213256879,-0.4058307233086022,1.2369624526588967,-1.760050126067421,-1.6970004439946684,0.5632427146719218,-0.2135942564182674,-0.2643477593457887,-0.024592863292395174,-1.6994299228347858,-0.577588388796094,0.8596219957207942,0.008373217567994343,-0.1803991707083926,0.2850193309826684,-0.5569207691678676,1.025399490442141,0.20118981591954505,-0.4805828605023595,Ripe
-3.922079774886979,-8.977559596292043,-4.919674364343624,0.0692620102373819,-1.9806300696397463,1.7747274144868597,-6.138807485339019,0.5571086978326593,-0.4585214066488541,1.341491206198621,-2.8121687347620536,1.4379788213256879,-0.4058307233086022,1.2369624526588967,-1.760050126067421,-1.6970004439946684,0.5632427146719218,-0.21359425641826724,-0.2643477593457887,-0.024592863292395174,-1.6994299228347858,-0.577588388796094,0.8596219957207942,0.008373217567994312,-0.18039917070839254,0.2850193309826684,-0.5569207691678676,1.0253994904421413,0.2011898159195458,-0.4805828605023588,Ripe
-1.7158262068439665,3.360009298161642,-5.352470455445745,-0.26786702645774013,-1.9268867528247384,-4.456151448564363,3.3526191712489806,-2.046078329462287,-0.657621748879598,-0.14189532441332126,1.3213217086664488,0.7428990807931841,0.29712701865535207,0.08337210794729548,0.872608167377994,0.7684993459804924,-0.3800114386016922,-0.6742258320826967,-0.9691939970644037,-1.5791956175054433,-0.9021805710296561,-0.634882582301347,-0.5809224681859813,-1.908908147097714,0.1284470964895836,1.2635941248849352,-0.8856970947740597,-1.6601920387102116,0.2573900555313138,0.6200872828532763,Ripe
-5.96133250294955,-5.420633847946719,-7.698907451630196,3.083155236430484,-6.792464535791898,5.139459008381005,2.7642324794477444,1.5538338017719764,0.15220333061160507,1.0290339302432094,1.9716951888017622,-0.5191179196757421,0.11083520872365447,0.22156530567796734,-0.4993531146312705,2.02055155674991,-0.13026044108062843,-1.8116954275413935,-2.4393272289646895,-0.8906073803927157,0.5448849600158437,0.17392316361586657,0.8774489639137056,-0.6975770962870815,-1.5781571843968945,-1.1666206961978243,-0.4821767710916339,-0.2389098773580778,1.534254571995172,-0.10158707845708576,Ripe
-1.1294292673777375,-7.458236205167839,-1.782433739622343,2.29710688003049,-2.5069502317821777,-2.731774444037383,2.1613397290606513,1.0198890064191075,0.8224171878051397,-0.07854608099557985,1.361151347380828,0.9230553746205299,0.6411728305740682,-0.2598512952276161,-0.010891313437327252,0.6553766712111434,0.8774492083827957,0.7293815399906407,1.157466229653479,0.2834275760363579,0.6002746052391497,-0.42090292127690776,-0.7611992897162779,0.8809329025849237,0.06881099361958196,0.5272652886033218,-0.21001414141629487,-0.607409375619135,0.26601698778958266,0.5184423660513265,Ripe
2.7264032893744634,-4.930854969551558,-0.9351028851542444,-0.5544306335626698,-1.7365625053087594,-3.9596334704421365,2.0961498229537874,0.18998810801159027,1.5811345005098005,0.43121614648062273,0.2009392397306261,1.0357763043064179,-1.1824312438210323,-0.5117572187550603,-1.410042508274135,-0.4423915620012237,0.8078947788050006,1.2859280934866164,-1.0784488539851813,0.5911658103903609,-1.1406537462417354,0.10297382046399912,-0.01032526816204108,0.6134317433433186,0.09686526488253586,-0.11917457019976774,-0.2988752170693177,-0.429770818275342,-0.30060047652701144,0.3168341959544135,Ripe
-0.11153707280652339,-2.8324205521876222,0.7823574767495401,2.8546865696329795,-2.447658147867595,-2.7429629652490846,2.5257477727558055,-0.5351018036915612,0.20174381489763127,2.7076306663964145,0.7918773311178046,-1.1758243285865408,2.0731077826412094,-1.300144258704315,-0.0960796677838261,-1.0700683551596546,-0.5916495248687585,-0.7589944460731959,-0.5863461025030134,1.1978002514494337,-0.23331813103038757,-1.2158953548140545,0.10949983813392865,1.6197884791368793,-0.00336196181951617,-0.8814284579618524,-0.8959990633861872,0.09777518213051813,-0.5179620895981182,0.2116406096700051,Ripe
2.265679955533944,-2.600780946113774,1.042853645472097,2.5074044032690153,0.6652072753743401,-0.09600452758322675,0.3991807986639912,0.7812759859593974,1.6186246500569477,1.2120049407185725,0.4428551349573475,-1.2323422511258961,-2.379997195953484,0.05057071462563056,2.9863808074519644,-1.5535304709920486,1.2560509296370297,-0.5850892331958176,-0.21666047011225015,1.3297498588901921,-0.5481744218854298,-0.27419826322791563,-1.1815494230493797,-1.1423541059031783,0.21873714775335495,-0.030752474635671982,0.9661995417905119,0.36442298029359754,-0.21263977291351602,0.2379722213460012,Ripe
0.6329789723294625,-3.77642635482583,-2.477513787106262,-0.09661597989129095,2.7952748243802352,2.884898873166602,-0.07362048126923616,1.065369978497961,1.3896348001180137,1.689678383597342,0.05859828929381212,-1.512256127552255,-0.282372312768859,-2.0605798479257627,0.7065181103604475,-0.7325557950625132,-0.32655377529805935,0.541173665418587,0.7570606929185562,0.031210692173564383,0.016336177313850706,-0.6852759439641586,-0.050519556861927606,-0.20184627330997776,-0.14532079172055584,-0.044392205613419514,-1.5581505854336066,0.4320177791305991,-0.8056524035008361,-1.0333224333740414,Ripe
2.8419277542190566,-2.360781650272418,-0.2459111930124593,0.28554475334486507,-1.7239050651551648,-1.8348436544976026,-0.08515955610006508,0.9722241866253953,1.3375536943576736,0.9678223726870234,0.8839817324926525,-1.4754430797474845,-1.1047655112381978,-0.34171430450201506,-1.6813884039636062,1.5694725074014617,1.317767768823235,-2.3678136494455746,1.9058221919647953,-0.08635632093305431,0.07032416830531722,-0.248171770786149,0.21018803278478593,0.40893767347415877,0.11365784727495705,0.5283040301517501,-0.13630998255887955,0.1638100712432851,-0.6108356005223019,1.165057660854152,Ripe
2.2645042471064945,-1.698349624890918,0.9004198619664351,0.5666193553786354,-2.5785550797345014,-2.4262923691045555,0.5020353649628635,0.32808604606090175,1.4535870940704116,0.5333630105534786,1.5060705706384372,-0.11095462126361436,-1.4193609961726992,-0.9004349787526308,-1.058587055432099,0.12008424792232288,-0.6002588143041813,-0.32031616146637537,1.7606666081039566,-0.6604825438968793,0.16991511720439806,-2.388544232927976,-0.16765657073061893,-0.4438214539364407,-0.14029967592306453,-0.548833074226127,0.19098186852027493,-0.31502605142091444,-0.08047188140421067,-0.7844835860496677,Ripe
1.5964014051202835,-1.2394122558243155,2.6453388992362226,1.087087962410061,-3.5023174395737446,-0.49595000295227853,5.857397753123236,-0.6494808121983489,0.7630343646529929,0.6325325941152803,1.464848330570837,-0.042501570802375155,1.6640596581625424,0.556002302775978,-1.7084613959858375,-2.3760586563422277,-0.6819440302413898,-0.5882551537967633,2.4258434957980732,1.50808361838544,0.4859300881383979,-0.5881044405349704,-0.0977610883287819,-0.7295023970032162,1.4705675020229145,-1.1575682056851482,-0.281137093073592,1.1916299598354612,0.21794480916993145,-0.713728875168494,Ripe
4.263145921637819,-2.3244012626593955,-0.1781675441479065,-0.4662579266604135,-0.7300758230527609,-1.7573851677386656,0.5417855793100561,1.7928867345458135,0.7154181704623402,0.40939261743486954,0.5702245770117511,0.4125031362055322,-1.1004407993919585,0.6573917579267607,0.6459630540422696,-0.0804456498094857,-1.2134960996647817,0.4040962520332149,0.6298010269171249,1.0870961533415229,0.6785237695954358,-0.589772294073599,1.2452451408615517,-0.7834935037260004,-0.24245223050471162,-0.43358621471957937,-0.1525061801770769,0.8348020248381822,-0.7735125679819483,1.0500477679014992,Ripe
-2.0373837511166903,3.552674900672492,-3.21725539748799,2.873271737821563,-2.3707074659929206,-2.8139721382826908,1.690918106280393,-0.7108098161288205,0.721352834331539,-1.0161068408556595,0.9025061877346604,-1.0918255308317673,-2.6392544158521027,1.4323842213633788,0.9624585398925076,0.24556372201970622,-1.1932930476730041,1.1269237766887081,-1.750878438532677,1.4481921473490849,-1.8397147590462102,2.1127838988873915,-1.3052693402127575,-0.9584429923819687,0.14299351339417282,0.5617870960367161,-0.8015794941316047,0.2735449860256286,-0.769821449992563,-0.6685720359365172,Ripe
5.03335408265364,-2.7759239485706075,-2.498510531700639,-3.7415043864144066,1.5037946227553447,3.9760694901251474,0.08316892865697398,-0.2327528105728014,0.9062690872707434,0.8773170039998899,0.3590027965578476,0.48410006688496493,-0.07393981041345574,0.7269259867405512,0.20343092717275355,0.42662093308375854,-1.5735815896397554,-0.1315240879160666,0.5965843173669897,1.7789627029259432,0.3254501312120005,-1.1253963410514847,0.2854080422306596,-0.758561854739838,-0.4770387510254422,-1.2316999073034056,-0.9094828369603264,-0.31382885424815726,-0.26191531902842086,-0.16364767426012908,Ripe
-4.562206705120552,3.9085941838142757,-1.2321809689118963,-1.8785057951461854,-1.5905142102734195,-2.5307120921626955,1.166452540652433,-0.9621542852131233,-0.30693543218130614,0.4407931424437688,1.2662222607020772,-0.8710464474893634,-0.6950767874468111,-0.3511798101681926,-1.0804981615275195,1.6097649085262502,0.424791424896912,-0.0650267361110516,0.7177093875261968,0.9737652633013136,-0.4437360613167712,1.2545562328440114,-0.1336954848017963,-0.18086075498043452,-0.2872797215580864,-0.7429608801613464,-1.3589660211131793,0.7606593047624279,-0.09908869949711455,-0.1889586660373122,Ripe
-1.9309944486270636,3.4919043890673596,-2.8265466195810722,-0.33232592549765666,-0.8953644251278075,-3.6831396247378825,-0.6439667846111551,-3.61117577888084,0.23425664210626457,-0.8515284434751388,-1.205934684105451,0.5300856574510272,-1.2957225686958076,-1.157230644832448,-0.7069955099666987,-1.3955338911858888,-1.2148317383540734,0.8835910190803976,-1.1742095975526021,-1.2020291305014992,0.2693784673696405,1.237133114573515,-0.7532234119284456,0.17481560038949134,0.45957282781496606,-1.3591322764191458,-1.0644570217122893,-0.012887609039248456,-0.345102849177492,0.43163185063193815,Ripe
-1.1009996401511972,1.1236793811977677,-4.399768134348533,-1.905219152584727,2.5704880742157443,0.9812637328377309,0.21701174092612477,1.857418055629495,-1.3633515695393892,0.04692667585556054,-1.0253516747290738,-2.2846981985806356,-1.8732223620664392,-0.07419594414988774,1.4640865774167167,-1.0061542369023742,-0.3208765870411095,1.9953324353350683,-0.7496761989903905,-0.09223238403176734,0.276523843687716,-0.13100524459964008,-0.038213589880813054,-0.5743217834797156,0.5388087859796131,0.30819139426307773,-0.4799050118528938,0.016168222605052726,-0.5224582806623661,1.4355181225193547,Ripe
-7.966451723893813,-3.8491516560191115,2.7797884328505065,-4.269743685787968,6.144765784190127,-2.6216180465057595,3.324602384891757,-0.6222525120055769,2.0562826264549403,0.5972146112494764,0.005775513021851985,5.783843687354011,0.11346804885409498,-0.46941878049669333,1.4673476854943903,0.5349986800021008,-1.4355003786402316,-1.6127382816383329,-0.14236272056111723,1.0692868501737793,-0.3101149094417824,-0.490782484038642,2.345571096104404,-1.4403477333319334,0.03769139180035149,1.4377601352164933,-1.7748307893264659,0.3152784950244065,1.1158152767496123,-0.396952083899405,Unripe
1.0929280156453045,0.8853582966435221,3.6830634817533308,1.8210796512251208,-1.2893700083098862,2.0572232303519957,2.3143379297580533,3.2754754160570667,0.05494988284074161,-2.0350758055322355,-1.6899707147732264,-0.9150115559365989,0.4863363486616833,0.01908642613392265,2.746773524873489,-1.0299956878225913,2.4224222217085627,0.8576002992650912,-2.20526162936609,1.6994006298455757,-0.9147827017948288,0.4513464077633071,-0.4127605295813238,-0.13708700264292464,-0.19789669519594077,-1.5660144959378473,0.3563672857061325,-0.2580763370312088,0.06724747983632602,0.028418861727876606,Unripe
2.1386306609081367,-0.9873723700576895,0.5761391106320743,-0.06049095978123162,-0.9010034077492342,-0.15939559314579613,-0.7346518660971602,0.6414428391671774,-1.1796260946821295,-1.388375188325029,1.5610645578614764,1.535892276492176,-2.003704456586423,0.4979738128757654,2.991328386340155,-0.3669058432716236,2.076545859836752,0.5961712467971203,-0.19715941361182696,-1.5101746712493953,0.028563549230280372,-1.3512727792900598,-0.22830033468050553,0.5740614930476978,1.3731728087342139,-0.6410693804154265,-0.9820306377953699,-0.41867574744936087,-0.0013813057932032342,-0.0013376924586592457,Unripe
2.759100006045059,-1.5935166352044114,-1.248564047634059,-3.237443578234548,1.5499730294106093,5.346167856296851,-0.6068732906616715,0.7114808621944221,-0.6913877775661058,-1.6726817564526921,1.7026443026246925,-0.14761650297168324,-0.8846124096697798,-0.44771501669259234,1.7085442662883024,1.8202660944501248,1.0338875413358335,-0.5436486486535197,-0.20418381192309137,-2.0347704372876905,0.4717290982168384,0.5105710218716891,-0.14849730600230318,1.266680440083493,0.9061427299404047,-0.3672218886822902,-0.7369246910764152,-0.9799701927737868,0.1555079051110963,-0.9712468332006131,Unripe
0.03324308363462996,-0.2994794986831122,3.110026051343017,-0.5175448316074216,-2.1538557141549486,1.8367058865745518,0.1558277233751851,-1.113231214495211,0.3355851400653067,-0.06021161929371905,-2.0083322421911722,0.042841577352243546,1.3086754678231136,-0.9289040390322527,1.2758600033935295,0.1716215017733818,-0.7117339015566014,0.748961959741427,1.169039946089373,0.48668751668874377,-0.6225524374940361,-1.3276158586658295,-0.6661449239335708,-0.2641396819814404,-0.24001373967568315,0.5586159522238021,-0.1536267349299548,-1.0974925563596503,0.1633110898491113,0.7391536710759165,Unripe
0.047705295226021224,0.578808493123263,3.0838688088337465,-0.3299832085448233,-1.461984556673499,2.0212879284975203,2.4181768957632834,0.4814716946387914,0.6650074818007707,0.20642904515310143,0.14151575677179454,0.6745853203693523,1.2318013767274893,0.48938762497672406,1.359777856844445,0.6797300565237602,0.6198232976150322,0.45303025952378073,0.6656821763379953,0.20181097766054557,0.17128766531917414,1.1609201082308833,0.32782692317634665,0.4581152699831586,0.5539459061183839,0.49967113825538556,-0.178649032107097,0.4639809255486971,0.08754649282143714,0.021036105719510714,Unripe
0.09020456015799531,-0.6923344600190202,-1.1291559914354405,-1.2228106920854975,-1.2848103937387256,4.983841347564737,4.565998927224599,-0.20848770745620177,-1.2303450006650176,-0.3376247827246952,0.7131053376462821,0.16726013468365275,1.6285845857930736,-2.5550717032970174,-0.6972395257832124,0.05200624677167789,-2.329169333386586,1.2104177981102517,-0.1961442559611534,-0.1104477155157497,0.13760607745104927,-0.6736970768930147,-0.510788183832474,0.25026833971778734,-0.017986034892948324,1.3320095408024129,0.5117726606568319,-0.05415338077073208,0.7474116315288819,0.2703097120498657,Unripe
2.502939929271531,1.9634365450341829,2.5265650026795266,-3.767909641977236,-1.9151671837885773,2.0327903221698995,-2.0560995188362083,-0.6888220851324769,0.9583379526177053,-1.0012031402929962,1.1793191189891856,1.2675356332957763,-0.5823951691996286,-1.0509172701924097,-1.2393108465072016,1.0077003306635348,-0.2375286438936627,-0.43839277071130067,0.9979140241781851,-1.7698931779644624,-1.0995379862617176,0.10935735870240332,0.04891133065903012,-0.9785352900315818,0.24917960217073656,0.44956047025147117,0.401003128034454,-0.28084215796069706,0.7072876554759435,0.10964173998736557,Unripe
4.055542137344698,0.5651891296468319,2.141682712652636,-2.1694599213601364,0.1144582548848052,1.338919467772623,0.4134610498684076,0.5153961245337452,-0.29731723574995644,-0.7183325542340026,-0.08784732570311322,0.7729394599844684,-0.4298409239234584,-2.2665231652173197,-0.7805481081315379,0.8811987392634669,0.8669535562250861,0.8408800501540808,0.9023408958464386,-0.6456307579419157,-0.7894734470288807,0.6772184511806105,1.1439067307773758,-0.705915556960757,1.4305285945375754,0.2429091053341514,0.6067299179961981,-0.21588359968852155,0.42719732297578994,-0.3433755056026033,Unripe
5.787351736726282,-0.011258531443911228,0.8431609587043141,-2.820647422980122,-0.033497309801181624,-0.017423309053403675,-1.4902883836913328,0.008547859856093788,-2.4286995743965,-0.9240526596300997,-1.144356356190465,0.5069834457732387,0.2229397327586871,1.705605912166969,1.247950630239082,0.5532657081846326,-1.0836205018229905,-1.089293663629613,0.07961505837275229,-1.065410020238758,-0.4302058431311907,-0.5009799489367487,1.5708236421856745,1.0067087025802814,1.1637812687690614,-0.576642180325755,0.24412556278136724,0.5362501509482971,0.16987660304477062,-0.016553544176668742,Unripe
5.833030394220771,-1.2972470686101238,0.44482453671043926,-0.2534595525451525,-1.5912055666685854,-1.8606003574369392,-1.9528706081183453,1.84397509419879,-1.8593583338389523,-2.4343407183667645,1.2913543217677206,-0.7534339252795567,-0.1738074669547351,-0.5592106249363573,0.37173768550465347,-0.04623598578628322,-0.691611765853478,0.1620502076702999,0.20657403754734094,-0.3466069925370637,-0.6887707066330184,-1.0197135785886189,0.5205789895543985,-0.48588165621771784,-1.0775408814080214,0.9766719018573072,0.42009279619235995,0.05424584902181663,-0.29349159520430834,-0.5708015583827457,Unripe
-4.697424685555088,-2.620256515237143,-0.9990398439158376,-5.782517073875665,2.0586186052928355,1.0299165955460015,-1.1656771208744094,1.9411383176487726,-1.9624613616515107,1.1268508476282806,2.3084340238821097,-0.7573679383531817,0.7214901954392037,1.5343995393756948,-1.2565932410637837,2.5664579649004895,-0.6194766028797555,0.15796276187769692,-0.5666586767137565,0.41009915515501144,0.2741249205641781,1.2472488325593307,-0.5649088666092693,0.2868604948268936,-0.042770813674377996,-0.19917090733075413,-0.2560378926036141,-0.545924315121034,-0.12406784080826308,-1.079481512141933,Unripe
4.722737014993227,-0.48751953509057244,0.9927160325715503,-1.7833521583658904,-1.3677153268528879,-0.7273834589678181,1.4013692133891524,-0.9405748704551652,-3.367763553072401,-2.306154098869598,-0.06707503824431725,-0.5508804418470308,-0.4629062673867438,0.6267211367608119,2.097452702516067,2.409529217927,-0.9314181070981834,-0.4584592952060743,0.23557381516938894,-0.6606929851058855,-1.0887234402702064,-0.9363871943030749,0.4315630513981777,-1.4130999951594603,0.03401770392827269,0.7570640503290897,-0.15458275483176462,2.3394893498007114,-0.4656473849521036,0.6199925456581956,Unripe
1.344483100521664,1.1891571866809152,1.1801250229254474,-0.020233183139926076,-4.088092993033463,0.6615276532056011,-1.5220107952186979,-0.4456266587273785,0.7608089801860449,-0.14309712120804383,-1.6362517143907727,0.5208422862985685,-0.23185511703714534,1.0351010550783408,0.8228243165117384,1.646177144403434,1.1214070494170827,-0.46135994594569874,-1.1620623262979337,-1.270065754225831,-0.9741683704788964,-1.3827201039277344,-0.6296821073318721,0.0632877606414543,-0.9489653347275093,-0.9828542543373783,0.5482854124838281,0.21931227877530213,-0.7416768341635963,-0.07416984355480523,Unripe
2.6826961523731354,2.8642517986120364,4.666683537337978,0.42696465019504976,-2.1183638821421384,1.28398098022753,1.9241902481806419,2.0327739531157967,0.047678141731970665,-0.11434591844037498,-2.413950043969641,-2.483697737906408,1.4639597651616347,-0.5040497232866139,-1.2327047433616822,0.7535789531597437,0.2603338132368315,-0.7444418089137846,-1.629589048346361,-0.7030908524273968,-1.4301260129649267,1.6919699722840071,1.3389934613943721,0.8322877748652479,-0.4452491230269699,-0.8775150240867202,-0.6653210580296145,0.06377073400455534,-0.27252941011372595,0.6256526829369545,Unripe
4.373959313392057,0.1838576216633196,1.3968210732424762,-3.1820834110384357,0.3017651334611293,0.5281391865102504,-0.8371731761259791,0.12327842652645586,-0.41614745192505354,-1.4562842925080817,0.14310949971077838,2.0886355096739075,-0.07806170162248435,0.42224191442254055,0.41748176438232687,-1.0450802039368643,-1.3373434100572938,0.4575023956566766,0.09421764984746989,0.43508081761954415,1.04255489000239,0.33743109109615343,-0.2574565414674735,1.1900500063419435,0.4330932674847005,-0.12502674376958578,0.22123555372778536,0.3057883061356783,0.16356816193369925,-0.20741811019013046,Unripe
3.121011271893274,2.4527549241047444,2.051277057340725,-1.9702983682726942,-2.091829732322808,1.186735041813416,1.8097205125742095,2.214362372920888,2.4456179941672307,-2.241058125463955,1.0619555312536213,0.7722606630024083,2.1624775598383823,2.028652577208829,-1.1869088113278818,-1.407399316300696,0.09107928793043278,-0.29909638678200867,0.22513582334991708,-0.5969062564154385,-0.6207565400747316,0.07987730976936919,-0.007090386960532932,0.49375226274741063,-1.0679131695082682,0.05284112823007994,-0.8365533784021453,-0.5286625547070426,-0.697158310701406,0.2968855974374872,Unripe
3.8801857110384406,1.8245668987458354,0.48515649340666755,-2.8660360902250517,-0.5769299358432156,-1.62222635681857,1.0950424903463947,1.308980735810047,-0.19208891975879838,0.15769039823362785,-0.11661580569928753,0.08073479861740906,-1.1172201254613467,-2.5060065099178668,-1.9693009524239964,0.2304568155076567,0.6695275508114599,-1.230166926542351,-0.603042577566503,-2.249296379568499,0.8229887381010184,0.2783340068458545,0.5821662129301558,1.173018788811447,-0.08143476694616786,0.4683293152706266,0.0389887493105865,0.6605374282101818,-0.010816672174385965,-0.6434511305797455,Unripe
4.060844887841637,-0.013984866508837413,-0.6873458229030966,-0.6447438366825454,-1.5767750896378383,-0.07174228662496111,-0.4916734932766671,-0.5778654873576783,0.8067823977514744,-2.3681024152647083,-0.7920196469177244,0.4976883811035896,-0.08249677401079504,-1.9651028872346925,0.842215522749681,0.6471622098315678,1.5001622098862526,-0.16528838406716695,0.22913213597843024,0.7192469754959393,-0.4874665051245133,-0.697398266436843,-0.583172323822411,-0.0550014152090377,-0.9808884529284135,0.5174378802159071,0.26424992261786545,0.9231084257968468,-0.8993008266319708,-1.4178709036080985,Unripe
-0.1787892065081067,3.3596244720170625,6.282532407787264,-1.3083462373026886,-1.7752757625254487,1.9058674224095244,1.739617074587727,2.9376900817854508,1.430735220904263,0.14931650409206162,-2.9074016800627995,0.8438629465162633,0.8283819023822198,1.3096660802254503,1.5897997990170796,-0.6494052610239591,0.5135222814687289,1.8636603137195353,0.09380710510314716,-1.7698730568413745,0.31466125362598285,-1.024673429457814,-0.04813963828969936,-0.10042282240607561,0.10234402379026439,0.25729052366851285,-1.440437352812955,0.007627715312962457,-0.5286013552124766,-0.2745474645403646,Unripe
-0.8378342803005998,3.408044858645665,5.886462187588967,1.061261759495346,-4.553804614582057,2.8448811185381806,-2.0118664838490283,3.8532308150662895,1.076386221341171,-0.17726962610843952,-0.19575185199520745,-0.9377837579646454,-1.852792172386114,-1.9207775519054042,0.3629637925355765,-0.7176032248231313,-2.053172544565256,0.7957732871324203,0.5633523560096172,-1.8714569864521802,-1.2155137794842157,0.3411876863791576,0.7603033614822463,0.13021017797660533,0.5468742054194413,-0.32832029500301774,-1.1414090663635108,-0.5884530577183138,1.0413313740064947,0.21737134369057456,Unripe
-5.536007719120633,2.2219672473679517,4.020039762653472,1.0916818999503102,2.367962793584496,0.09747495492077093,-0.9523950588349566,1.4738784117102766,1.7500718004465134,2.6527957231087944,-0.9762588514029213,-0.8001324301021436,1.2930387551173783,2.9903947744704396,0.34908010905857934,-0.8109961667291288,0.24730390593562473,1.7075680225792433,-0.2506398908171196,-0.778442669723854,-0.8638140167440176,-0.9884110277675783,0.20600119521607352,0.2963241015864846,-1.6005506244926029,0.46823345700231683,-0.7389408463921997,-0.5303799549845957,-0.32067346717705364,0.3895347649050175,Unripe
-10.089442051650128,-2.446499741822001,4.048367491723372,-1.9735947363815938,2.8144006911245008,0.4543791053596147,-3.750766690487493,2.7159439429420837,2.516889983824986,-0.4752953851295491,-1.0467979385261812,2.1941200853669804,-0.3906202053816443,0.7474756884936739,0.7234607789028017,0.5749497915788795,0.26150149331635,-0.644617589643938,0.5268041135819166,0.13839334155854097,0.4843802347055625,1.8204235938975923,-0.30157678092532875,0.14851225258173964,0.7717127791312608,-0.5917155711176837,1.784748028942152,0.7676793994940659,-0.890840706410426,0.22168925969501582,Unripe
-2.1455669935913186,-0.30719884221041804,0.3393748641565599,1.3132197507144616,2.417907730612885,1.1250573670919783,-2.9033305037101615,-1.9542501227365676,-1.9652376642467568,1.0362942144759792,3.4651696507910814,0.8887140574943495,0.4136988175384349,-2.890574053519886,-0.4097777118505043,-0.4529410885117809,1.4105497563408622,2.2382395999834026,0.0273530360105632,0.16413490330835998,-0.41364474849923555,1.0621354362582152,0.17212945688504647,-1.6430915969551607,-1.0255824752766785,-0.5234995095692316,0.9350772132901249,-0.12070116502827873,-0.2014516648481525,-0.6891694547099644,Unripe
-3.5059594314049143,2.764919409074884,1.5478979906150905,0.3533700973839628,1.6570357186637963,1.2221139759237307,-2.8578622538287313,0.48523072345232576,1.2493778090716323,1.413737374178853,2.8659924700410895,1.1442467468646378,1.7075362984208977,0.5449560241545861,0.19347484992527655,-1.1530458570481366,-1.1246739753379047,-0.47313292482361774,0.25235620608751885,-0.8978419482787416,-1.2795686605219265,0.15996167002925663,-0.3878712450726752,0.7205028361580262,-0.25736989077684647,-1.2301170473296696,-0.6211766175796589,0.2755593477415827,-0.3904414548385142,0.8047345261427121,Unripe
-4.160104851749904,5.771438961453256,5.714424073381733,3.1447599982741687,-5.061120423035911,4.821250646751198,-1.1152907763216644,-2.892907191083571,1.4443139107988403,3.9476725266812185,1.504873677843525,-1.546683311235992,-1.4045266974235122,2.2144826488832257,-0.14577715697548338,-1.375250710201837,-0.6108207956298,-0.5133539405688557,0.6898946793718929,1.4308379592651532,-1.20349907442373,-0.4018991535294248,0.2645214608469109,0.1432062647958085,0.17387773852249877,0.8581962306763938,0.39461261670136205,-0.0879826838158258,0.4393769928743634,-0.87707886936855,Unripe
-5.62041189114119,1.9655185519682372,4.188227010215295,3.052315007229223,-3.51662729382138,3.5319869760510945,1.1319521607667753,-3.453104455322306,-0.1660384508398672,1.6419307605751947,1.0987862706662717,2.32364512210518,-1.2249450386041134,2.0915959307842877,0.5900664940437849,-0.009590841874808416,-0.681154044022464,1.36361388862827,-0.9390484330762352,0.7069244056811234,2.2067862641569125,0.19509749932481038,1.3371979827836449,0.8512069110659864,-0.18654997453518812,1.3518154419285677,0.6399355569174638,-0.2505548956574613,-1.126395075955405,-0.17500451783415188,Unripe
-1.5546392802304572,0.709061122579352,0.5072345552778634,1.5175737445170587,0.98847692294401,-0.7359630445002793,-2.535503184423702,-1.5877923379269028,-2.640336843569262,2.0647777622881143,1.606978644618166,-0.3388839879320396,-1.2922669710856753,-0.2913886877226962,-0.17334445600028145,0.3631437194651814,1.276011670680974,0.0424961437044034,-0.6880547907741039,-0.6360936148826851,-0.22083908203550512,-1.6157686760400507,1.292126533356372,0.5728574285507931,-0.28849487103823396,0.17235341903032633,0.5735895167332845,-0.11614944068745177,-0.33962145056861887,0.4755160567859904,Unripe
-0.08740935045685853,0.944011310909291,-1.4205920003877364,1.0689016504512852,0.5816804463030598,-0.1826933903124295,0.07784936361137287,1.0398017533299242,-0.8993365099377442,3.179512967456601,2.6249880580879874,1.311918358677349,0.535168423236564,-0.9651028027927278,1.537952561773484,0.4562343778549593,1.0653595007077776,0.828320092087997,0.6789348352416295,-1.5062386231193101,0.4103511049838073,1.3962563083502637,0.7346506088768086,0.6399824173320116,0.3170744316079062,0.39435729580598833,1.176685204046366,-0.3041013169168876,-1.4661278630299408,-0.15675645007697583,Unripe
-0.41085330184606106,0.9743326992024354,0.6743584733955328,1.2272138198727989,0.1723133318415367,-0.4183688358247214,0.20738887702118675,0.2665173912617727,-0.3986057163774912,2.567396821999264,0.6808585661408507,0.4487620251394901,0.9773786261003091,-1.2272472516377013,-0.5250463726291734,-2.0858569128699838,0.7997087871765141,1.2200518592822034,1.0596048887622438,-1.3985097412518013,0.25476000901776025,0.7757288438990965,-0.5834196473327129,0.024028737563102868,-0.06430551844871868,0.9550002973572148,-0.33334138204036595,0.10794138353926776,0.6236403931628345,0.11073227083319712,Unripe
2.2049539155901243,1.712729744607228,-0.12605364372172936,1.1679648516449923,0.14166200224928355,1.2929732534528915,-2.0522725743743635,-3.192283283741723,-1.6918185480305754,0.8692583167418299,0.556920551805828,0.11298844266096951,1.0489942141010264,-0.860738203689247,1.166119663989229,-0.9654200609341074,0.33470373303268847,-0.4972333751469591,-1.6476039144972914,-0.20751347158274994,-0.23812971377966038,-0.9709608768581411,-0.2593841699025556,1.3534491434403537,-1.552342473495831,-0.03990761546550647,0.2666419006105286,0.19458995052083225,-0.5348914208509576,-0.36624971991566163,Unripe
4.841976259249253,2.987476366894013,-2.386193741432466,0.589933526127835,3.5034365034906454,0.4730692452280394,2.5241031601398967,-3.0797418886644157,1.4914884794928172,0.8717799266875138,3.5666053526696313,0.6625165823902143,4.035918141302527,2.2544237724752865,0.9168603127595889,-0.8772895747615479,2.063289656805744,-0.9327587107297672,-0.4890103933278258,-0.9202722149203804,-0.6776644755787324,0.2724160790541628,-0.7190859847708667,-0.06126456838102252,-0.33454048026614736,0.777919748168013,0.0050848466838553956,1.9111363054244952,0.34972078953278757,-0.5089077071081298,Unripe
2.073848497042855,2.8583893201423303,-0.04657397913849838,2.08407677124558,-0.3802991696346243,1.0604722945306293,-1.0406274113655136,-0.3030879852745521,-1.0946085270070087,1.7695959053062338,0.22733836015209663,0.8966122950423684,-0.057146643299407,0.2746059005624272,0.9527653273976919,-1.9211460394128608,-0.9328527966004853,0.8451897567066502,1.1915596694066022,-1.109811259500934,1.6129984481584247,0.9977472135837394,-0.5672541437008441,0.718841768625894,0.08145413177397202,0.7618683394269161,0.06754735686254307,0.23017890844182162,0.35836290279708616,0.898397957388854,Unripe
-9.335243913340197,-4.934955486939432,6.335391614328487,-0.4300878865955116,3.036984197397557,-2.349681177024842,1.8019438482457468,3.9104619087326618,-5.99028061738572,-1.9527942868231096,0.6691549878873062,-0.6201194418092658,1.1364421201347685,1.1987338203165536,-2.3311641812185413,-3.455221722464219,-0.14445664827317137,-1.3943277937579375,-1.5964200862698574,-0.5766162646580397,0.2865204087588265,-0.03793618201254848,0.5462570900830993,-1.4175903664334015,-0.5437447664900574,0.8305851051987362,0.7410653288604919,-1.4953714565604017,-0.15202880722164488,-0.2468732986939599,Unripe
2.8944668784592382,2.370436370396183,-0.48903868643421106,2.3076949121292927,1.512739853032411,-2.583214842017176,0.09241912090197969,-0.8642858046256038,-3.3841180782918987,1.0868722103636188,2.0161239101738295,-2.095375737995153,-0.7586019896041436,-0.49717480173312356,0.3808775449614877,0.3353765170218973,0.030249008998767188,0.5596649591645421,0.9466342660245955,1.426703453265812,-0.014791777043420332,-0.31624888050980116,1.0681151403285871,2.185093440611223,-0.6918772371198058,0.05091060851548525,-1.1953887988602603,0.18428730539098995,0.09784429119153186,-1.2132385028760069,Unripe
4.939574379277833,3.809391659488421,-1.836925530844596,-0.5596322883277303,1.5851738136741451,-0.2988180653804054,-2.054641963591931,-1.3436862088891928,0.8453287759290198,1.226691594491918,-0.06506216329655415,-0.317138992619167,-0.3885548180959883,0.49567617028676914,1.1936293256978519,-1.1100034690080054,-0.14915134945910605,-1.2730461178917445,-0.7505370674950486,-0.06439894600971921,0.1726640631702792,0.6555142519280572,-0.007833168404225458,0.6410699270442972,-0.3926129234430655,-0.1086556335451312,0.41442711498434937,0.6869367318364542,1.2244858728063406,0.6665885743722123,Unripe
6.202095116286187,3.506948075072374,-0.7549817210483155,-1.0945718183552977,-0.4623046887015253,-0.3397903103298086,-0.862354130148342,1.804130640128304,-0.5933504019496441,-0.29421222134107633,0.5904936065865746,0.9639870013503484,-0.06968799670217364,1.3311772588792918,1.1417349639186485,-0.021472172160521382,-1.0354367529518085,-1.0832135560872094,-1.0261798609635715,0.609898127001241,1.0672150538911593,0.35592810749197484,0.7214111274327119,-0.10070953157908927,-0.9837409155915109,-0.0751874786143717,0.6128193433631022,0.7537335141087368,-0.0016672714068254133,0.41498494129977553,Unripe
5.545867152244763,4.141334660850738,-0.3318579402356228,-2.646737431441085,-0.3272469797617184,-0.22635348424049756,0.41315457143255574,-0.25278623512746745,-1.139139895564866,1.3884319190693408,0.21121882390626637,1.612982843041702,1.6724627354001547,-0.18260184009818073,-0.5765808364272657,-0.8318833683872798,0.1558522635270401,0.08784474864201024,-0.09310601865420638,1.2055861457250645,-0.5559881685553302,0.6701494542724369,2.2789997450672406,-0.3227860409244972,-0.26067169561203835,-0.014809042802071473,0.20728669390426926,0.05046495527197064,-0.9230951505449839,0.02225084253194051,Unripe
5.456266287835738,4.030842028867983,0.9520433788302617,-1.6980559990676798,-1.6446208989657072,-1.608353449595509,-1.4160337296724197,1.2158405399483105,-3.6261690326527423,0.22418814291963785,1.539875801993243,0.24405837968848076,-0.2821147219547337,-0.8587888124637029,-0.6383452928533597,-1.9322506370682115,-0.9904646908159163,-0.6646955327569563,-0.21442502442579764,0.05423620674448979,-0.014513198769594492,0.1407299202953082,1.0936457316633863,-1.1799252180658526,0.5845733146769595,-1.1743131013880044,0.0038640284541425797,-0.05904711225358598,-0.4090971823672704,0.04810588337013707,Unripe
-0.5855364891198271,3.277243649635428,0.011347131197912625,-0.9343775231846428,2.9479793851620277,0.6751025875205687,-2.1667742906394105,-1.8966896369846293,0.1094921370600113,-1.158642413297266,3.544810800352839,-0.695706184179773,-1.4637366586381901,0.46646613157795375,-2.2666520578544604,1.197565129447738,1.1085869014577214,0.891632577551496,-1.1530104412621431,-0.6452974098794896,-0.7258933953636925,-0.20995976606573755,-0.08638306336776058,-0.6036396486687499,-0.9376028658289466,0.4631332128149971,-1.1145247709666664,0.09869408645545474,0.14561316353954473,0.43524911824307994,Unripe
-0.49547566097567824,0.5149528651197859,-1.8830063145961415,2.957374377542182,2.988629373909836,-0.6647160914595621,-2.1246208510188076,1.2996157012241978,-0.8061837113907513,1.6066455038197613,0.0011119264204321555,1.6066226987834415,0.8553473857114404,-2.207097789769284,1.1691594908007084,1.9657972676704076,0.35872936015394447,0.5303660347964555,2.0000596297711626,1.4310186110849685,-0.042238371740167535,-0.20068182592043968,1.4918788999287536,0.8253703934654653,-0.3421290728328681,0.5347307967822841,-0.023179014175069134,-1.160303162583137,-0.14272495030300061,1.1396122185943331,Unripe
1.7866419172990422,1.497609548126079,-0.03003198066147364,4.323600450263167,2.4341609031663056,-0.005666113168800778,-1.0854021845672945,-1.0068966288676409,-0.6080432906416359,-1.2613360799834727,-0.2267755856302187,-0.06135301937384004,-1.5193489044447894,-2.3533233986602524,-1.1437661854026797,-0.7068031838698078,0.6825105497568819,-0.7022332716063265,0.021805757049301027,-0.6796411921191992,0.05555669404863509,-1.5095688109041476,-0.0885033936339006,1.5932975455109906,0.49828965947724535,-0.4490680774344276,-0.42519821962582927,-0.2513337158939731,0.03730415357233055,-0.46133557635156275,Unripe
2.609727253588378,3.3226566974683647,0.02853970567725627,2.0921033652093057,1.569126153427846,0.925323759110635,0.2566854276415893,-0.8648508468878929,-0.45762590478817355,-0.3659937408229615,-2.4266555188158114,1.4616464515544136,-0.8124717370756853,-0.07384007584644728,-0.044143937798765104,0.3253133490864578,2.174978458017197,-0.8035515692946201,0.972600306632479,0.5891756022562896,1.194178504676224,-0.9140154234372351,-0.15121247756938985,-0.8199168924519017,0.6791936151204814,-0.39246848328239575,-0.0687933412786395,0.37490022105142984,0.997883450220342,-0.13193851111077962,Unripe
4.519052534809418,3.1871159358177494,-0.7447161079120147,2.6108663590978223,2.4229240250124144,1.3992454640496734,-0.6168380808713317,-0.2605348555966615,0.1500348927932685,-3.249931746091225,-0.8483656298690302,2.0268609813263203,-1.208243888110198,-0.40170169867141525,-0.8915922027864986,-0.5348321161281171,0.4177300736562751,-0.6844760507399089,-0.7356004777689736,0.49084871505530026,1.1021554798573507,-0.6273847024033035,0.020674452379513503,0.09464467946716114,-0.6296450554572184,0.8031177113931139,-0.5122873664810753,0.17321507869879038,0.43152943645379355,1.1615659431330132,Unripe
-8.023723075512404,-1.8380708478979897,2.1497031387785603,-1.670695823750423,3.2349989100928886,-1.9702322108998398,-0.3237289393182165,2.8388888258827922,0.9343849624626933,-5.460288906043039,1.4471882044719708,0.26628047778652786,0.6025390246625452,-0.9583529543353441,0.1987304737002469,-0.020682035357789005,-0.2766677461247043,-0.6896304845439893,-0.32828594557699836,1.7738082833320616,0.2667927964490219,0.057327622800124156,-0.1669723971862989,1.5655463266424527,-0.5082482750445321,0.8127039318609017,-0.7391601207927498,0.8563106626481164,-0.8867090548327302,-0.044731943220528175,Unripe
4.74041119003104,2.8246741998062013,-0.8915918654115288,4.919527016766322,2.1141982221790623,1.3232264970714915,-1.8184476751089853,0.37351544306730966,-0.3977855927576653,-1.3803597704490407,-1.532802023975068,0.838107038137034,-0.8913112218925165,-0.4513118043279172,-0.14633994670848274,-0.46365495724594014,3.0414335210214407,-1.9582871301645932,0.3647014659403416,2.5605861341101916,-0.7973205022031401,0.17909654690763424,-1.177783389091952,-0.7198091297358495,0.324085358604519,0.4030330190239781,-0.8714304074849032,-0.8089285687758904,-0.4347298426367672,-0.3032888504702897,Unripe
1.6109351077804686,3.637304221962828,1.5228722609728582,2.4382240451249615,0.09441038490645627,1.3304726093757615,-1.5509200387962494,3.2430982799020223,0.009026406501304896,0.5705914480529206,-0.2504139705872728,0.06278035684845831,-0.9799359576313387,1.8668576148813596,-1.8780317773999629,0.9522157507322492,0.43754665901240275,-2.756090250915784,-0.05104943716664617,-0.5260205170812836,1.3730645933753858,0.8517991137216379,-1.261009164661838,-0.009765706133278948,-0.6035169879471168,0.446430365423918,-0.33598972741030303,0.04649042561981845,-0.508412501079734,0.8050231220746412,Unripe
1.4155676662254706,3.293287245257486,-1.317602498938924,5.974567183387942,-3.4855105368296724,-1.0452559491511173,-0.08696860212896057,3.1597060912282355,-0.6078316262316183,0.7108611325083456,-0.6868955233528303,1.0935300347598855,-1.2480421159754136,-0.7549034055884528,-0.6182711329930729,1.414327586195942,-2.566911880051127,-1.2469243699800818,-2.8535197845251377,1.5425962311465649,-1.4277251081291122,0.2903003133704112,-0.7777220110648435,0.2085615100311914,2.5464054983421747,2.6264989675904724,0.6197414016124844,-0.21055431635588817,-0.6354916172378414,-1.0844500874142604,Unripe
-3.273849466262158,0.05668709898302321,-2.2772322058136467,6.344714580248034,5.341316905204308,-0.18084218896915652,-0.10522212843776302,0.540990365995731,3.079052161499347,-2.9473703196199934,2.3852685793196224,-1.2459025318983865,0.6618598856751448,-0.6265847211129596,-1.178737692155768,1.1274893063511884,-1.3548993470354878,2.1357391878597265,0.5608981483707935,-1.755940995932665,-2.1653226869122717,-0.42598942748957913,1.01816446288504,-0.16891721050109051,0.32711928325955375,-1.078125826323829,0.9271902211704238,0.8556303214956276,-0.3439774743187174,-0.3522217061078216,Unripe
-2.2170597479508816,-0.7249719682021144,-1.3677058178623003,7.1809054674812565,3.38908708848804,0.28746409992645444,-0.7334249506839349,0.2979344612266945,-0.6090507629968864,-0.38830565456824373,-1.5137235998085883,0.24328874015152074,1.0387322932028127,0.92451337216336,-1.607150070622826,1.8791614530611984,-1.0985957995155793,1.0082403144833554,1.2105148820020615,0.40422822193228525,-0.09203582023993274,0.3543674453992089,-0.013407671687076576,0.28362170310640594,0.5110819155127367,-1.1891165478404233,-0.07295611889996353,-0.275810985930474,-0.5904871157156374,-0.6521700713847873,Unripe
-1.485506423415042,0.829875864420078,0.6443485479886281,7.681146798422288,7.220016494502788,2.9611563911913423,1.6235926565637282,-1.389787521980494,4.0480954519393775,-2.047987451590389,0.11478900662210594,-1.6757592433921331,1.4175595370374707,1.0026921770897201,-0.31657877360718994,0.8435824255572797,-1.3617977457819779,-2.116002522754954,-0.5111418253744912,-1.6672965196860696,-1.0372050695543191,-0.3845651743505654,0.8119700697990545,-0.6200913877489668,1.294505147527078,-0.20392021853882852,0.8086149888940991,0.22392469750596802,0.20433320644635897,0.9663947710822015,Unripe
2.4497187616656624,2.5367941646071688,0.4986883485200575,3.3131123727235305,2.338274150380808,-0.6439413034760555,-2.891181067697608,-0.3290958529149529,-1.2285920971283812,0.34861319651537387,-0.09815965112308356,1.340531968457911,-0.7332225341947649,1.89064169110154,-1.289381220893134,0.025992098561384305,-2.4562129501355523,1.1357270520644702,0.05794646153491788,-0.4216710056350296,1.4980071877913872,0.7458134129644386,-1.1150816037819256,0.43223805518654246,-0.14429179136524367,-0.06732518495362973,-0.48675939881183256,0.006115052535778552,0.8809921568255453,-0.5749790991720791,Unripe
3.296650597352422,0.6844550347739846,0.1524432803743819,2.9839365002799494,2.652200530097688,0.45156852561465255,2.28310379884717,0.21352705276134196,-1.7413446560033368,1.891922360674343,-2.1185145284487605,1.4047163152342206,1.8397658350842774,0.30234760707073693,-2.321959602799656,0.4813274617571037,0.5384928487029633,0.27176499335842214,-0.4072293522707607,-0.604376232742692,1.0160433210233688,-0.9808717956885478,0.28208131166213457,-0.8136845239069216,0.4747747313589156,-0.2910627393337046,0.42994208468625,-0.3683052241825962,-0.2962527990938322,-0.25397800408186694,Unripe
5.755325064115959,3.1848786248275935,-1.1626576678122909,1.206564328520698,1.5259693706868966,0.3594605376301713,-1.0561662711582003,0.72939753091399,-1.3385494279870265,1.3361224566276153,-1.1897519056606118,1.6781820620816628,0.9469268395544188,0.12217896711632666,-2.7336165874390432,0.6830103297149688,-0.05148084779185588,0.12448765033226797,0.8081963088806601,1.138158701164942,-0.24317196720748582,0.1378863579659501,-1.5299273624125571,-1.039443077753606,-0.20630149332777473,-0.2977926326600511,-0.10369212607276904,-0.20214562199241437,0.6082605934860542,1.145479917069275,Unripe
4.737815485378556,1.8908899801987646,-0.27540394286589254,0.8522628918932196,3.4133099928497677,0.2852252172498711,-0.2298409543575622,2.6012943016113383,-1.2242009625476211,1.8210927887758181,-1.8708955404400354,1.8018076495694926,1.3664322069974928,-0.012671240351182235,-0.954017408031146,1.5424586717239188,-1.0820976570830576,0.40095424760638637,-0.8824351291762139,0.04228490152883671,0.6586042450885612,-0.9894459559312402,-1.1956106543221483,0.6359409531196648,-0.0478768055607332,0.32665515009217605,0.1635554138150134,-0.38767992740312096,0.4954921798275371,-0.7811571021582224,Unripe
-8.2739891377625,0.8428410162729504,5.8925665444029045,-1.3763884561619288,0.017248215877128072,-0.4463561073719898,-0.16997807139483015,-1.2537576746847883,-2.3939962494868237,-2.2391976441717487,0.2628833859406465,-1.3644897734075088,-0.23464078837301366,-0.059599768130245236,-1.0607979937518062,1.899976950127815,0.685325000396588,2.764320580447106,0.42550630113905985,1.1366680891234588,-0.07915102993302556,-1.4785640492138146,-1.0209710483092413,0.6215656641607117,0.6319885171634065,-0.18266131924291837,0.2997122961473923,0.33829639785942056,0.18637111802125855,0.7213852204347325,Unripe
2.56268416919091,0.9515945559907601,-3.065163200630577,5.197636471444241,-1.9644668492955668,-0.5337985675179738,1.1762314291489957,4.303180336681183,-0.9854474699041562,-1.7226137409480606,-1.2129070918113138,3.340992860344921,2.632168415876726,-0.3705788477481531,-0.04878142579386748,0.29366674511513713,0.06556941338077785,2.658355747180457,-0.558530840315819,1.3189140982404717,0.039364352247853014,1.1958753967010844,-0.009328980280160845,-0.7441387876163631,-0.6540963774023025,-1.1772572813192204,0.2100469477452056,0.7205100178920235,0.9255855808069956,-0.571538641925712,Unripe
-2.9802589936367805,1.5603891811870638,3.22582183190661,-4.386460647426181,-1.1052356115063278,1.6397949516539945,-0.6227140828365524,-4.1806629192498415,-0.5040041743299915,-1.7526785270971843,-0.3395601732279647,0.956767314429042,0.7533833326992835,0.5383963008481606,-1.4133644947023998,1.4451038226733992,-0.27779261911234515,-0.09516807852788067,-0.8741046251275233,1.351790326703153,-0.34556172640471594,-0.4338626432196827,-1.063184049266611,0.39765467417697853,0.039616916201664285,-0.7709949276221325,0.5270522459855161,-0.8817555062550363,0.38796128425769877,-0.5470514655247936,Unripe
1.6287861080461417,1.279248627127808,2.301399371647123,-3.5819845436949493,0.763860517403843,1.395492044690234,0.10223484387344207,-1.5339428556863222,0.7495016626712859,1.73129271952198,-1.6825498131976733,0.3466807026633455,0.6189740183175138,-2.12353154996076,-0.39025459626661496,0.9565457496344315,0.6340197243597109,0.6801344923010143,-0.5631749600183419,0.48009440289238897,-1.6672577925857368,-0.600513347455993,0.3956060552260807,-0.8827701898046397,-0.29784148355287166,0.39063932606459134,0.1936380739718374,-1.0000840776381534,-0.39343658274017457,1.034920102610605,Unripe
0.7042855533773054,-1.1052682542639338,-0.9738780013992565,-4.028264487016113,-1.0271548226929101,5.163779273706877,1.8891242837450366,1.053652796749285,1.636587508724649,-0.11080593651693187,-1.3174976335137463,-0.25313127681871184,0.9704516845205533,0.044517539939962956,-0.5355384420443253,2.3651694324407284,0.5674038161486985,-0.18004559157099512,1.4936966640043725,0.7669823140790014,-0.008078407471130538,-0.03937784802657456,-0.571324779069518,0.4779513781667573,-0.6262126267110888,0.18846254606833307,0.27923427699176423,-0.5752185666262111,-0.8434366676052611,-0.3842934434681367,Unripe
